Grouping,Species Name (Common),Scientific Name,Lead FWS Regional Office,Proposed FWS Decision Timeframe (Fiscal Year),Range
Amphibians,streamside salamander,Ambystoma barbouri,Region 4 - Southeast,2023,"AL, KY, OH, TN, WV"
Amphibians,Boreal toad (Eastern population),Anaxyrus boreas boreas,Region 6 - Mountain-Prairie,2017,"CO, ID, NM, NV, UT, WY"
Amphibians,Inyo Mountains slender salamander,Batrachoseps campi,Region 8 - Pacific Southwest,2021,CA
Amphibians,lesser slender salamander,Batrachoseps minor,Region 8 - Pacific Southwest,2019,CA
Amphibians,relictual slender salamander,Batrachoseps relictus,Region 8 - Pacific Southwest,2023,CA
Amphibians,Kern Plateau salamander,Batrachoseps robustus,Region 8 - Pacific Southwest,2021,CA
Amphibians,Kern Canyon slender salamander,Batrachoseps simatus,Region 8 - Pacific Southwest,2021,CA
Amphibians,Oregon slender salamander,Batrachoseps wrighti,Region 1 - Pacific (Northwest),2020,"OR, WA"
Amphibians,Arizona toad,Bufo microscaphus microscaphus,Region 2 - Southwest,2022,"AZ, CA, NM, NV, UT"
Amphibians,hellbender,Cryptobranchus alleganiensis,Region 3 - Midwest,2018,"AL, AR, GA, IL, IN, KY, MD, MO, MS, NC, NY, OH, PA, SC, TN, VA, WV"
Amphibians,Cascade Caverns salamander,Eurycea latitans,Region 2 - Southwest,2021,TX
Amphibians,Texas salamander,Eurycea nana,Region 2 - Southwest,2021,TX
Amphibians,Blanco blind salamander,Eurycea robusta,Region 2 - Southwest,2021,TX
Amphibians,Comal Springs salamander,Eurycea sp.,Region 2 - Southwest,2021,TX
Amphibians,Comal blind salamander,Eurycea tridentifera,Region 2 - Southwest,2021,TX
Amphibians,Oklahoma salamander,Eurycea tynerensis,Region 4 - Southeast,2020,"OK, MO, AR"
Amphibians,Berry Cave Salamander,Gyrinophilus gulolineatus,Region 4 - Southeast,2019,TN
Amphibians,Tennessee Cave salamander,Gyrinophilus palleucus,Region 4 - Southeast,2023,"AL, GA, TN"
Amphibians,West Virginia spring salamander,Gyrinophilus subterraneus,Region 5 - Northeast,2020,WV
Amphibians,Georgia blind salamander,Haideotriton wallacei,Region 4 - Southeast,2023,"FL, GA"
Amphibians,limestone salamander,Hydromantes brunus,Region 8 - Pacific Southwest,2023,CA
Amphibians,Shasta salamander,Hydromantes shastae,Region 8 - Pacific Southwest,2022,CA
Amphibians,Neuse River waterdog,Necturus lewisi,Region 4 - Southeast,2017,NC
Amphibians,striped newt,Notophthalmus perstriatus,Region 4 - Southeast,2018,"FL, GA"
Amphibians,Peaks of Otter salamander,Plethodon hubrichti,Region 5 - Northeast,2023,VA
Amphibians,Illinois chorus frog,Pseudacris illinoensis,Region 3 - Midwest,2021,"AR, IL, MO"
Amphibians,foothill yellow-legged frog,Rana boylii,Region 8 - Pacific Southwest,2020,"CA, OR"
Amphibians,Cascades frog,Rana cascadae,Region 1 - Pacific (Northwest),2022,"OR, WA"
Amphibians,Cascade torrent salamander,Rhyacotriton cascadae,Region 1 - Pacific (Northwest),2023,"OR, WA"
Amphibians,Columbia torrent salamander,Rhyacotriton kezeri,Region 1 - Pacific (Northwest),2021,"OR, WA"
Amphibians,western spadefoot,Spea hammondii,Region 8 - Pacific Southwest,2020,CA
Birds,tricolor blackbird,Agelaius tricolor,Region 8 - Pacific Southwest,2018,"CA, OR, WA, NV"
Birds,red-crowned parrot,Amazona viridigenalis,Region 2 - Southwest,2018,"TX, Mexico"
Birds,salt marsh sharp-tailed sparrow,Ammodramus caudacutus,Region 5 - Northeast,2019,"CT, DE, FL, GA, MA, MD, ME, NC, NH, NJ, NY, PA, RI, SC, VA"
Birds,MacGillivray's seaside sparrow,Ammodramus maritimus macgillivraii,Region 4 - Southeast,2018,"FL, GA, NC, SC"
Birds,Bicknell's thrush,Catharus bicknelli,Region 5 - Northeast,2017,"CT, DE, GA, MA, MD, ME, NC, NH, NJ, NY, PA, RI, SC, VA, VT, Canada, Bahamas, Cuba, Dominican Republic, Haiti, Jamaica"
Birds,tufted puffin,Fratercula cirrhata,Region 1 - Pacific (Northwest),2019,"CA, OR, WA"
Birds,Florida sandhill crane,Grus canadensis pratensis,Region 4 - Southeast,2018,"FL, GA"
Birds,southern white-tailed ptarmigan,Lagopus leucura altipetens,Region 6 - Mountain-Prairie,2020,"CA, CO, ID, MT, NM, UT, WA, WY"
Birds,Mt. Rainier white-tailed ptarmigan,Lagopus leucura rainierensis,Region 1 - Pacific (Northwest),2020,WA
Birds,black rail,Laterallus jamaicensis,Region 4 - Southeast,2018,"AL, AR, FL, GA, LA, MS, NC, SC, TX, VA"
Birds,black-backed woodpecker (Black Hills population),picoides arcticus,Region 6 - Mountain-Prairie,2017,"SD, WY"
Birds,black-backed woodpecker (Oregon Cascades-California population),picoides arcticus,Region 8 - Pacific Southwest,2017,"CA, ND, OR"
Birds,black-capped petrel,Pterodroma hasitata,Region 4 - Southeast,2018,"FL, GA, SC, NC, PR, VA, VI"
Birds,northern spotted owl,Strix occidentalis caurina,Region 1 - Pacific (Northwest),2017,"CA, OR, WA"
Birds,California spotted owl,Strix occidentalis occidentalis,Region 8 - Pacific Southwest,2019,"CA, OR"
Birds,lesser prairie-chicken,Tympanuchus pallidicinctus,Region 2 - Southwest,2017,"CO, KS, NM, OK, TX"
Birds,golden-winged warbler,Vermivora chrysoptera,Region 3 - Midwest,2023,"AL, AR, CO, CT, DC, DE, FL, GA, IA, IL, IN, KS, KY, LA, MA, MD, MI, MN, MO, MS, NC, ND, NE, NH, NJ, NY, OH, OK, PA, SC, SD, TN, TX, VA, VT, WI, WV"
Clams,southern elktoe,Alasmidonta triangulata,Region 4 - Southeast,2020,"AL, FL, GA"
Clams,brook floater,Alasmidonta varicosa,Region 5 - Northeast,2018,"CT, DC, GA, MA, MD, ME, NC, NH, NJ, NY, PA, RI, SC, VA, VT, WV, Canada"
Clams,Apalachicola floater,Anodonta heardi,Region 4 - Southeast,2018,"AL, FL, GA"
Clams,western fanshell,Cyprogenia aberti,Region 3 - Midwest,2020,"AR, KS, LA, MO, MS, OK"
Clams,Salina mucket,Potamilus metnecktayi,Region 2 - Southwest,2022,TX
Clams,Yellow lance,Elliptio lanceolata,Region 4 - Southeast,2017,"MD, NC, SC, VA"
Clams,triangle pigtoe,Fusconaia lananensis,Region 2 - Southwest,2019,TX
Clams,Atlantic pigtoe,Fusconaia masoni,Region 4 - Southeast,2017,"GA, NC, SC, VA"
Clams,longsolid,Fusconaia subrotunda,Region 4 - Southeast,2018,"AL, AR, GA, IL, IN, KY, NC, OH, PA, TN, VA, WV"
Clams,Texas fatmucket,Lampsilis bracteata,Region 2 - Southwest,2018,TX
Clams,Waccamaw fatmucket,Lampsilis fullerkati,Region 4 - Southeast,2022,"NC, SC"
Clams,Tennessee heelsplitter,Lasmigona holstonia,Region 4 - Southeast,2022,"AL, GA, NC, VA, TN"
Clams,green floater,Lasmigona subviridis,Region 5 - Northeast,2020,"DC, MD, NC, NJ, NY, PA, TN, VA, WV"
Clams,Cumberland moccasinshell,Medionidus conradicus,Region 4 - Southeast,2020,"AL, GA, KY, NC, TN, VA"
Clams,round hickorynut,Obovaria subrotunda,Region 4 - Southeast,2018,"AL, AR, GA, IL, IN, KY, MI, MS, OH, PA, TN, WV, Canada"
Clams,Alabama hickorynut,Obovaria unicolor,Region 4 - Southeast,2023,"AL, LA, MS, OK"
Clams,Sangre de Cristo peaclam,Pisidium sanguinichristi,Region 2 - Southwest,2023,NM
Clams,Canoe Creek pigtoe,Pleurobema athearni,Region 4 - Southeast,2020,AL
Clams,Tennessee clubshell,Pleurobema oviforme,Region 4 - Southeast,2020,"AL, TN, KY, VA"
Clams,Louisiana pigtoe,Pleurobema ridellii,Region 2 - Southwest,2019,"LA, TX"
Clams,pink pigtoe,Pleurobema rubrum,Region 4 - Southeast,2018,"AL, AR, KY, LA, MS, NE, OH, OK, TN, VA"
Clams,Tennessee pigtoe,Pleuronaia barnesiana,Region 4 - Southeast,2020,"AL, GA, MS, NC, TN, VA"
Clams,Texas heelsplitter,Potamilus amphichaenus,Region 2 - Southwest,2019,TX
Snails,longitudinal gland pyrg,Pyrgulopsis anguina,Region 6 - Mountain-Prairie,2020,"NV, UT"
Snails,Hamlin Valley pyrg,Pyrgulopsis hamlinensis,Region 6 - Mountain-Prairie,2020,"NV, UT"
Snails,Landyes pyrg,Pyrgulopsis landyei,Region 8 - Pacific Southwest,2021,NV
Snails,neritiform Steptoe Ranch pyrg,Pyrgulopsis neritella,Region 8 - Pacific Southwest,2021,NV
Snails,sub-globose Steptoe Ranch pyrg,Pyrgulopsis orbiculata,Region 8 - Pacific Southwest,2021,NV
Snails,Ozark pyrg,Pyrgulopsis ozarkensis (Marstonia ozarkensis),Region 4 - Southeast,2018,"MO, AR"
Snails,median-gland Nevada pyrg,Pyrgulopsis pisteri,Region 8 - Pacific Southwest,2020,NV
Snails,flat-topped Steptoe pyrg,Pyrgulopsis planulata,Region 8 - Pacific Southwest,2021,NV
Snails,sub-globose snake pyrg,Pyrgulopsis saxatilis,Region 6 - Mountain-Prairie,2020,UT
Snails,northern Steptoe pyrg,Pyrgulopsis serrata,Region 8 - Pacific Southwest,2021,NV
Snails,Sterile Basin pyrg,Pyrgulopsis sterilis,Region 8 - Pacific Southwest,2021,NV
Snails,southern Steptoe pyrg,Pyrgulopsis sulcata,Region 8 - Pacific Southwest,2021,NV
Snails,Southeast Nevada pyrg,Pyrgulopsis turbatrix,Region 8 - Pacific Southwest,2020,NV
Clams,golden orb,Quadrula aurea,Region 2 - Southwest,2020,TX
Clams,smooth pimpleback,Quadrula houstonensis,Region 2 - Southwest,2020,TX
Clams,Texas pimpleback,Quadrula petrina,Region 2 - Southwest,2018,TX
Clams,false spike,Quincuncina mitchelli,Region 2 - Southwest,2018,TX
Clams,salamander mussel,Simpsonaias ambigua,Region 3 - Midwest,2023,"AR, IL, IN, KY, MI, MN, MO, NY, OH, PA, TN, WI, WV, Canada"
Clams,purple lilliput,Toxolasma lividum (formally lividus),Region 4 - Southeast,2019,"AL, AR, IL, MI, MO, IN, TN, VA"
Clams,Savannah lilliput,Toxolasma pullus,Region 4 - Southeast,2020,"GA, NC, SC"
Clams,Mexican fawnsfoot,Truncilla cognata,Region 2 - Southwest,2022,TX
Clams,Texas fawnsfoot,Truncilla macrodon,Region 2 - Southwest,2018,TX
Clams,Kentucky creekshell,Villosa ortmanni,Region 4 - Southeast,2020,KY
Crustaceans,Cannulate cave isopod,Caecidotea cannula,Region 5 - Northeast,2021,WV
Crustaceans,Chauga crayfish,Cambarus chaugaensis,Region 4 - Southeast,2023,"GA, NC, SC"
Crustaceans,Coosawattae crayfish,Cambarus coosawattae,Region 4 - Southeast,2021,GA
Crustaceans,slenderclaw crayfish,Cambarus cracens,Region 4 - Southeast,2018,AL
Crustaceans,Elk River crayfish,Cambarus elkensis,Region 5 - Northeast,2018,WV
Crustaceans,Little Tennessee crayfish,Cambarus georgiae,Region 4 - Southeast,2023,"GA, NC"
Crustaceans,spiny scale crayfish,Cambarus jezerinaci,Region 5 - Northeast,2022,"KY, TN, VA"
Crustaceans,Obey crayfish,Cambarus obeyensis,Region 4 - Southeast,2020,TN
Crustaceans,Parrish crayfish (Hiwassee headwater crayfish),Cambarus parrishi,Region 4 - Southeast,2021,"GA, NC"
Crustaceans,Pristine crayfish,Cambarus pristinus,Region 4 - Southeast,2021,TN
Crustaceans,beautiful crayfish,Cambarus speciosus,Region 4 - Southeast,2022,GA
Crustaceans,Delaware County cave crayfish,Cambarus subterraneus,Region 2 - Southwest,2023,OK
Crustaceans,Oklahoma cave crayfish,Cambarus tartarus,Region 2 - Southwest,2023,OK
Crustaceans,Brawley's Fork crayfish,Cambarus williami,Region 4 - Southeast,2022,TN
Crustaceans,speckled burrowing crayfish,Fallicambarus danielae,Region 4 - Southeast,2020,"AL, MS"
Crustaceans,Ouachita burrowing crayfish,Fallicambarus harpi,Region 4 - Southeast,2021,AR
Crustaceans,Crested Riverlet crayfish,Hobbseus cristatus,Region 4 - Southeast,2021,MS
Crustaceans,Tombigbee Riverlet crayfish,Hobbseus petilus,Region 4 - Southeast,2022,MS
Crustaceans,Yalobusha Riverlet crayfish,Hobbseus yalobushensis,Region 4 - Southeast,2021,MS
Crustaceans,Texas troglobitic water slater,Lirceolus smithii,Region 2 - Southwest,2021,TX
Crustaceans,Rye Cove Cave isopod,Lirceus culveri,Region 5 - Northeast,2022,VA
Crustaceans,coldwater crayfish,Orconectes eupunctus,Region 3 - Midwest,2019,"AR, MO"
Crustaceans,Yazoo crayfish,Orconectes hartfieldi,Region 4 - Southeast,2022,MS
Crustaceans,Mammoth Spring crayfish,Orconectes marchandi,Region 3 - Midwest,2020,"AR, MO"
Crustaceans,Big Creek crayfish,Orconectes peruncus,Region 3 - Midwest,2019,MO
Crustaceans,St. Francis River crayfish,Orconectes quadruncus,Region 3 - Midwest,2019,MO
Crustaceans,Kiamichi crayfish,Orconectes saxatilis,Region 2 - Southwest,2023,OK
Crustaceans,Chowanoke crayfish,Orconectes virginiensis,Region 5 - Northeast,2019,"NC, VA"
Crustaceans,Jackson prairie crayfish,Procambarus barbiger,Region 4 - Southeast,2021,MS
Crustaceans,Mississippi Flatwoods crayfish,Procambarus cometes,Region 4 - Southeast,2019,MS
Crustaceans,Panama City crayfish,Procambarus econfinae,Region 4 - Southeast,2017,FL
Crustaceans,spinytail crayfish,Procambarus fitzpatricki,Region 4 - Southeast,2020,MS
Crustaceans,Big Blue Springs cave crayfish,Procambarus horsti,Region 4 - Southeast,2017,FL
Crustaceans,Shutispear crayfish,Procambarus lylei,Region 4 - Southeast,2019,MS
Crustaceans,Miami cave crayfish,Procambarus milleri,Region 4 - Southeast,2021,FL
Crustaceans,Black Creek crayfish,Procambarus pictus,Region 4 - Southeast,2020,FL
Crustaceans,bearded red crayfish,Procambarus pogum,Region 4 - Southeast,2019,MS
Crustaceans,Irons Fork burrowing crayfish,Procambarus reimeri,Region 4 - Southeast,2021,AR
Crustaceans,Cooper's Cave amphipod,Stygobromus cooperi,Region 5 - Northeast,2020,WV
Crustaceans,Tidewater amphipod,Stygobromus indentatus,Region 5 - Northeast,2019,"MD, NC, VA"
Crustaceans,Morrison's Cave amphipod,Stygobromus morrisoni,Region 5 - Northeast,2020,"VA, WV"
Crustaceans,Minute Cave amphipod,Stygobromus parvus,Region 5 - Northeast,2020,WV
Crustaceans,cave (northern Virginia well) amphipod,Stygobromus phreaticus,Region 5 - Northeast,2023,VA
Fishes,northern cavefish,Amblyopsis spelaea,Region 4 - Southeast,2021,"IN, KY"
Fishes,laurel (or Clinch River) dace,Chrosomus saylori,Region 5 - Northeast,2022,VA
Fishes,bluestone sculpin,Cottus sp.,Region 5 - Northeast,2022,"VA, WV"
Fishes,Pecos pupfish,Cyprinodon pecosensis,Region 2 - Southwest,2020,"NM, TX"
Fishes,White Sands pupfish,Cyprinodon tularosa,Region 2 - Southwest,2023,NM
Fishes,Carolina pygmy sunfish,Elassoma boehlkei,Region 4 - Southeast,2019,"NC, SC"
Fishes,Ozark chub,Erimystax harryi,Region 4 - Southeast,2019,"AR, MO"
Fishes,Holiday darter,Etheostoma brevirostrum,Region 4 - Southeast,2017,"AL, GA, TN"
Fishes,ashy darter,Etheostoma cinereum,Region 4 - Southeast,2018,"KY, TN"
Fishes,barrens darter,Etheostoma forbesi,Region 4 - Southeast,2018,TN
Fishes,redlips darter (broken out from ashy darter complex),Etheostoma maydeni,Region 4 - Southeast,2018,"KY, TN"
Fishes,smallscale darter,Etheostoma microlepidum,Region 4 - Southeast,2023,"KY, TN"
Fishes,candy darter,Etheostoma osburni,Region 5 - Northeast,2017,"VA, WV"
Fishes,paleback darter,Etheostoma pallididorsum,Region 4 - Southeast,2022,AR
Fishes,Tippecanoe darter,Etheostoma tippecanoe,Region 5 - Northeast,2018,"IN, KY, OH, PA, TN, WV"
Fishes,Trispot darter,Etheostoma trisella,Region 4 - Southeast,2017,"AL, TN, GA"
Fishes,saltmarsh topminnow,Fundulus jenkinsi,Region 4 - Southeast,2022,"AL, FL, LA, MS, TX"
Fishes,barrens topminnow,Fundulus julisia,Region 4 - Southeast,2018,TN
Fishes,San Felipe gambusia,Gambusia clarkhubbsi,Region 2 - Southwest,2017,TX
Fishes,Chihuahua catfish,Ictalurus sp.,Region 2 - Southwest,2020,TX
Fishes,Clear Lake hitch,Lavinia exilicauda chi,Region 8 - Pacific Southwest,2020,CA
Fishes,Virgin River spinedace,Lepidomeda mollispinis mollispinis,Region 6 - Mountain-Prairie,2021,"AZ, NV, UT"
Fishes,Arkansas River speckled chub,Macrhybopsis aestivalis tetranemus,Region 2 - Southwest,2018,"CO, KA, NM, OK, TX"
Fishes,popeye shiner,Notropis ariommus,Region 4 - Southeast,2022,KY
Fishes,Ozark shiner,Notropis ozarcanus,Region 4 - Southeast,2023,"AR, MO"
Fishes,colorless shiner,Notropis perpallidus,Region 4 - Southeast,2023,"AR, OK"
Fishes,Carolina madtom,Noturus furiosus,Region 4 - Southeast,2017,NC
Fishes,orangefin madtom,Noturus gilberti,Region 5 - Northeast,2022,"NC, VA"
Fishes,piebald madtom,Noturus gladiator,Region 4 - Southeast,2022,"MS, TN"
Fishes,frecklebelly madtom,Noturus munitus,Region 4 - Southeast,2020,"AL, GA, LA, MS, TN"
Fishes,Caddo madtom,Noturus taylori,Region 4 - Southeast,2022,AR
Fishes,Chesapeake logperch,Percina bimaculata,Region 5 - Northeast,2023,"MD, PA, VA"
Fishes,bluestripe darter,Percina cymatotaenia,Region 3 - Midwest,2023,MO
Fishes,bridled darter,Percina kusha,Region 4 - Southeast,2017,"GA, TN"
Fishes,longhead darter,Percina macrocephala,Region 5 - Northeast,2019,"KY, NY, PA, TN, WV"
Fishes,longnose darter,Percina nasuta,Region 4 - Southeast,2020,"AR, OK, MO"
Fishes,sickle darter,Percina williamsi,Region 4 - Southeast,2020,"NC, TN, VA"
Fishes,relict dace,Relictus solitarius,Region 8 - Pacific Southwest,2020,NV
Fishes,widemouth blindcat,Satan eurystomus,Region 2 - Southwest,2021,TX
Fishes,longfin smelt (San Francisco Bay- Delta population),Spirinchus thaleichthys,Region 8 - Pacific Southwest,2019,CA
Fishes,blackfin sucker,Thoburnia atripinnis,Region 4 - Southeast,2017,"KY, TN"
Fishes,toothless blindcat,Trogloglanis pattersoni,Region 2 - Southwest,2021,TX
Flowering Plants,meadow joint-vetch,Aeschynomene pratensis,Region 4 - Southeast,2019,FL
Flowering Plants,Navasota false foxglove,Agalinis navasotensis,Region 2 - Southwest,2019,TX
Flowering Plants,seaside alder,Alnus maritima,Region 5 - Northeast,2018,"DE, GA, MD, OK"
Flowering Plants,Tharp's bluestar,Amsonia tharpii,Region 2 - Southwest,2022,"NM, TX"
Flowering Plants,prostrate milkweed,Asclepias prostrata,Region 2 - Southwest,2019,"TX, Mexico"
Flowering Plants,rough stemmed aster,Aster puniceus scabricaulis,Region 2 - Southwest,2019,"LA, MS, TX"
Flowering Plants,Isely milkvetch,Astragalus iselyi,Region 6 - Mountain-Prairie,2022,UT
Flowering Plants,skiff milk-vetch,Astragalus microcymbus,Region 6 - Mountain-Prairie,2019,CO
Flowering Plants,Cisco milkvetch,Astragalus sabulosus,Region 6 - Mountain-Prairie,2022,UT
Flowering Plants,Chapin Mesa milkvetch (previously known as Schmoll milkvetch),Astragalus schmolliae,Region 6 - Mountain-Prairie,2018,CO
Flowering Plants,purpledisk honeycombhead,Balduina atropurpurea,Region 4 - Southeast,2019,"GA, SC"
Flowering Plants,Apalachicola wild indigo,Baptisia megacarpa,Region 4 - Southeast,2023,"AL, FL, GA"
Flowering Plants,Texas screwstem,Bartonia texana,Region 2 - Southwest,2019,TX
Flowering Plants,Fremont County rockcress,Boechera pusilla,Region 6 - Mountain-Prairie,2018,WY
Flowering Plants,Doll's daisy,Boltonia montana,Region 5 - Northeast,2019,"NJ, PA, VA"
Flowering Plants,glowing Indian paintbrush,Castilleja ornata,Region 2 - Southwest,2022,"NM, Mexico"
Flowering Plants,Wright's marsh thistle,Cirsium wrightii,Region 2 - Southwest,2017,NM
Flowering Plants,boat-shaped (or North Park) bugseed,Corispermum navicula,Region 6 - Mountain-Prairie,2021,CO
Flowering Plants,yellow cedar,Calliptropsis nootkatensis,Region 7 - Alaska,2019,"AK, CA, OR, WA, Canada"
Flowering Plants,Weber's whitlowgrass,Draba weberi,Region 6 - Mountain-Prairie,2022,CO
Flowering Plants,Narrowleaf Carolina scalystem,Elytraria caroliniensis var. angustifolia,Region 4 - Southeast,2019,FL
Flowering Plants,clam-shell orchid,Encyclia cochleata var. triandra,Region 4 - Southeast,2018,FL
Flowering Plants,Big Cypress epidendrum,Epidendrum strobiliferum,Region 4 - Southeast,2018,FL
Flowering Plants,Brandegee's wild buckwheat,Eriogonum brandegeei,Region 6 - Mountain-Prairie,2022,CO
Flowering Plants,Frisco buckwheat,Eriogonum soredium,Region 6 - Mountain-Prairie,2018,UT
Flowering Plants,brush pea,Genistidium dumosum,Region 2 - Southwest,2022,"TX, Mexico"
Flowering Plants,Bartram stonecrop,Graptopetalum bartramii,Region 2 - Southwest,2018,AZ
Flowering Plants,Shinner's sunflower,Helianthus occidentalis plantagineus,Region 2 - Southwest,2019,"AR, LA, TX"
Flowering Plants,Chisos coralroot,Hexalectris revoluta,Region 2 - Southwest,2022,"AZ, TX, Mexico"
Flowering Plants,Edison's ascyrum,Hypericum edisonianum,Region 4 - Southeast,2019,FL
Flowering Plants,yellow anisetree,Illicium parviflorum,Region 4 - Southeast,2019,FL
Flowering Plants,Ostler's peppergrass,Lepidium ostleri,Region 6 - Mountain-Prairie,2018,UT
Flowering Plants,bog spicebush,Lindera subcoriacea,Region 4 - Southeast,2023,"AL, FL, GA, LA, MS, NC, SC, VA"
Flowering Plants,lowland loosestrife,Lythrum flagellare,Region 4 - Southeast,2019,FL
Flowering Plants,Rocky Mountain monkeyflower,Mimulus gemmiparus,Region 6 - Mountain-Prairie,2020,CO
Flowering Plants,yellow pond-lily (Cape Fear spatterdock),Nuphar lutea ssp. sagittifolia,Region 4 - Southeast,2020,"NC, SC, VA"
Flowering Plants,Cape Sable orchid,Oncidium undulatum,Region 4 - Southeast,2018,FL
Flowering Plants,bushy whitlow-wort,Paronychia congesta,Region 2 - Southwest,2019,TX
Flowering Plants,beardless chinch weed,Pectis imberbis,Region 2 - Southwest,2018,AZ
Flowering Plants,Chihuahua scurfpea,Pediomelum pentaphyllum,Region 2 - Southwest,2018,"AZ, NM, TX, Mexico"
Flowering Plants,sand dune (or silvery) phacelia,Phacelia argentea,Region 1 - Pacific (Northwest),2021,OR
Flowering Plants,whitebark pine,Pinus albicaulis,Region 6 - Mountain-Prairie,2019,"CA, ID, MT, NV, OR, WA, WY"
Flowering Plants,big red sage,Salvia penstemonoides,Region 2 - Southwest,2022,TX
Flowering Plants,Hall's bulrush,Schoenoplectus hallii,Region 3 - Midwest,2019,"GA, IA, IL, IN, KS, KY, MA, MI, MO, NE, OK, SC, TX, WI"
Flowering Plants,Unnamed skullcap (Ocmulgee skullcap),Scutellaria ocmulgee,Region 4 - Southeast,2019,"GA, SC"
Flowering Plants,mountain blue-eyed grass,Sisyrinchium sarmentosum,Region 1 - Pacific (Northwest),2018,WA
Flowering Plants,Marron bacora,Solanum conocarpum,Region 4 - Southeast,2018,VI
Flowering Plants,water stitchwort,Stellaria fontinalis,Region 4 - Southeast,2023,"KY, TN"
Flowering Plants,bracted twistflower,Streptanthus bracteatus,Region 2 - Southwest,2019,TX
Flowering Plants,Frisco Clover,Trifolium friscanum,Region 6 - Mountain-Prairie,2018,UT
Flowering Plants,Ocala vetch,Vicia ocalensis,Region 4 - Southeast,2019,FL
Flowering Plants,Joshua tree,Yucca brevifolia,Region 8 - Pacific Southwest,2018,"AZ, CA, NV, UT"
Insects,Virginia stone,Acroneuria kosztarabi,Region 5 - Northeast,2021,"KY, OH, VA"
Insects,Arapahoe snowfly,Arsapnia arapahoe,Region 6 - Mountain-Prairie,2019,CO
Insects,Astylis sp. 1 (unnamed moth),astylis species,Region 2 - Southwest,2023,AZ
Insects,Puerto Rico harlequin butterfly,Atlantea tulita,Region 4 - Southeast,2019,PR
Insects,eastern beard-grass skipper,Atrytone arogos arogos,Region 5 - Northeast,2021,"AL, FL, GA, LA, MS, NC, NJ, NY, SC, VA"
Insects,Franklin's bumblebee,Bombus franklini,Region 1 - Pacific (Northwest),2018,OR
Insects,western bumble bee,Bombus occidentalis,Region 6 - Mountain-Prairie,2023,"AZ, CA, CO, ID, MT, ND, NE, NM, NV, OR, SD, UT, WA, WY"
Insects,yellow banded bumblebee,Bombus terricola,Region 5 - Northeast,2018,"CT, IL, KY, MA, MD, ME, MI, MN, MT, NC, ND, NH, NJ, NY, OH, PA, RI, SD, TN, VA, VT, WV, WI, Canada"
Insects,frosted elfin butterfly,Callophrys irus,Region 5 - Northeast,2023,"AL, AR, CT, DC, DE, FL, GA, IL, IN, KS, KY, LA, MA, MD, MI, NC, NH, NJ, NY, OH, OK, PA, RI, SC, TN, TX, VA, VT, WI, WV, Canada"
Insects,cobblestone tiger beetle,Cicindela marginipennis,Region 5 - Northeast,2019,"AL, IN, KY, MA, ME, NH, NJ, NY, OH, PA, SC, VT, WV, Canada"
Insects,Colorado tiger beetle,Cicindela theatina,Region 6 - Mountain-Prairie,2017,CO
Insects,sand verbena moth,Copablepharon fuscum,Region 1 - Pacific (Northwest),2019,WA
Insects,monarch butterfly,Danaus plexippus plexippus,Region 3 - Midwest,2019,"AL, AR, AZ, CA, CO, CT, DC, DE, FL, GA, IA, ID, IL, IN, KS, KY, LA, MA, MD, ME, MI, MN, MO, MS, MT, NC, ND, NE, NH, NJ, NM, NV, NY, OH, OK, OR, PA, RI, SC, SD, TN, TX, UT, VA, VT, WA, WI, WV, WY"
Insects,Island marble butterfly,Euchloe ausonides insulanus,Region 1 - Pacific (Northwest),2017,WA
Insects,"Euphilotes ancilla cryptica, Spring Mountains dark blue butterfly",Euphilotes ancilla cryptica,Region 8 - Pacific Southwest,2019,NV
Insects,"Euphilotes ancilla purpura, Spring Mountains dark blue butterfly",Euphilotes ancilla purpura,Region 8 - Pacific Southwest,2019,NV
Insects,Dukes' skipper,Euphyes dukesi calhouni,Region 4 - Southeast,2021,FL
Insects,Palatka skipper or sawgrass skipper or Knot's skipper,Euphyes pilatka klotsi,Region 4 - Southeast,2021,FL
Insects,Texas cave (or Edwards Aquifer) diving beetle,Haideoporus texanus,Region 2 - Southwest,2021,TX
Insects,bog buck moth,Hemileuca spp.,Region 5 - Northeast,2019,"NY, WI, Canada"
Insects,Heterocampa sp. 1 nr.Amanda,heterocampa amanda,Region 2 - Southwest,2023,AZ
Insects,narrow-foot hygrotus diving beetle,Hygrotus diversipes,Region 6 - Mountain-Prairie,2023,WY
Insects,Litodonta sp. 1 nr.Alpina,litodonta alpina,Region 2 - Southwest,2023,AZ
Insects,Ferris's copper,lycaena ferrisi,Region 2 - Southwest,2023,AZ
Insects,Hermes copper butterfly,Lycaena hermes,Region 8 - Pacific Southwest,2017,CA
Insects,Tinian monarch,Monarcha takatsukasae,Region 1 - Pacific (Northwest),2017,MP
Insects,Scott Optioservus riffle beetle,Optioservus phaeus,Region 6 - Mountain-Prairie,2019,KS
Insects,rattlesnake-master borer moth,Papaipema eryngii,Region 3 - Midwest,2019,"AR, IA, IL, KY, MO, NC, OK"
Insects,Avernus cave beetle,Pseudanophthalmus avernus,Region 5 - Northeast,2020,VA
Insects,Little Kennedy cave beetle,Pseudanophthalmus cordicollis,Region 5 - Northeast,2020,VA
Insects,Narrow Cave (New River Valley Cave) beetle,Pseudanophthalmus egberti,Region 5 - Northeast,2020,VA
Insects,Cudjo's (Cumberland Gap) Cave beetle,Pseudanophthalmus hirsutus,Region 5 - Northeast,2020,"TN, VA"
Insects,Holsinger's cave beetle,Pseudanophthalmus holsingeri,Region 5 - Northeast,2020,VA
Insects,Hubbard's cave beetle,Pseudanophthalmus hubbardi,Region 5 - Northeast,2020,VA
Insects,Hubricht's cave beetle,Pseudanophthalmus hubrichti,Region 5 - Northeast,2020,VA
Insects,Crossroads cave beetle,Pseudanophthalmus intersectus,Region 5 - Northeast,2020,VA
Insects,Shenandoah (Madden's) Cave beetle,Pseudanophthalmus limicola,Region 5 - Northeast,2020,VA
Insects,Dry Fork Valley cave beetle,Pseudanophthalmus montanus,Region 5 - Northeast,2021,WV
Insects,thin-necked cave beetle,Pseudanophthalmus parvicollis,Region 5 - Northeast,2020,VA
Insects,Natural Bridge cave beetle,Pseudanophthalmus pontis,Region 5 - Northeast,2020,VA
Insects,South Branch Valley cave beetle,Pseudanophthalmus potomaca potomaca,Region 5 - Northeast,2020,"VA, WV"
Insects,overlooked cave beetle,Pseudanophthalmus praetermissus,Region 5 - Northeast,2020,VA
Insects,Saint Paul cave beetle,Pseudanophthalmus sanctipauli,Region 5 - Northeast,2020,VA
Insects,silken cave beetle,Pseudanophthalmus sericus,Region 5 - Northeast,2020,VA
Insects,Thomas' cave beetle,Pseudanophthalmus thomasi,Region 5 - Northeast,2020,VA
Insects,Maiden Spring cave beetle,Pseudanophthalmus virginicus,Region 5 - Northeast,2020,VA
Insects,Blueridge springfly,Remenus kirchneri,Region 5 - Northeast,2021,VA
Insects,San Joaquin Valley giant flower-loving fly,Rhaphiomidas trochilus,Region 8 - Pacific Southwest,2017,CA
Insects,Big Thicket Texas emerald,Somatochlora margarita,Region 2 - Southwest,2023,"LA, TX"
Insects,regal fritillary,Speyeria idalia,Region 6 - Mountain-Prairie,2022,"AR, CO, CT, DE, IA, IL, IN, KS, KY, MA, MD, ME, MI, MN, MO, NC, ND, NE, NH, NJ, NY, OH, OK, PA, RI, SD, VA, VT, WI, WV, WY"
Insects,Great Basin silverspot,Speyeria nokomis nokomis,Region 6 - Mountain-Prairie,2021,"AZ, CO, NM, UT"
Insects,lobed roachfly,Tallaperla lobata,Region 5 - Northeast,2021,VA
Mammals,northwestern moose,Alces alces andersoni,Region 3 - Midwest,2020,"MI, MN, ND, WI"
Mammals,red tree vole,Arborimus longicaudus,Region 1 - Pacific (Northwest),2019,OR
Mammals,white-tailed prairie dog,Cynomys leucurus,Region 6 - Mountain-Prairie,2017,"CO, MT, UT, WY"
Mammals,Texas kangaroo rat,Dipodomys elator,Region 2 - Southwest,2020,TX
Mammals,wolverine,Gulo gulo luscus,Region 6 - Mountain-Prairie,2018,"CA, CO, ID, MT, NV, NM, OR, UT, WA, WY"
Mammals,Fisher (Northern Rocky Mountains population),Martes pennanti,Region 6 - Mountain-Prairie,2017,"MT, ID, (WY - accidental)"
Mammals,little brown bat,Myotis lucifugus,Region 3 - Midwest,2023,"AK, AL, AR, CA, CO, CT, DC, DE, FL, GA, IA, ID, IL, IN, KS, KY, MA, MD, ME, MI, MN, MO, MS, MT, NC, ND, NE, NH, NJ, NM, NV, NY, OH, OK, OR, PA, RI, SC, SD, TN, UT, VA, VT, WA, WI, WV, WY"
Mammals,Pacific walrus,Odobenus rosmarus divergens,Region 7 - Alaska,2017,AK
Mammals,plains spotted skunk,Spilogale putorius interrupta,Region 3 - Midwest,2022,"AR, CO, MN, MO, NE, OK, SD, TX, WY"
Mammals,Penasco least chipmunk,Tamias minimus atristriatus,Region 2 - Southwest,2019,NM
Mammals,Sierra Nevada red fox,Vulpes vulpes necator,Region 8 - Pacific Southwest,2018,"CA, OR"
Non-Flowering Plants,Donrichardsonia macroneuron (unnamed moss),Donrichardsonia macroneuron,Region 2 - Southwest,2018,TX
Non-Flowering Plants,hornwort,Megaceros aenigmaticus,Region 4 - Southeast,2019,"GA, NC, TN"
Non-Flowering Plants,Gorge leafy liverwort,Plagiochila caduciloba,Region 4 - Southeast,2019,NC
Reptiles,western pond turtle,Actinemys marmorata,Region 8 - Pacific Southwest,2021,"CA, OR, WA, Mexico"
Reptiles,Arizona striped whiptail,aspidoscelis arizonae,Region 2 - Southwest,2018,AZ
Reptiles,southern rubber boa,Charina bottae umbratica,Region 8 - Pacific Southwest,2019,CA
Reptiles,spotted turtle,Clemmys guttata,Region 5 - Northeast,2023,"CT, DC, DE, FL, GA, IL, IN, MA, MD, ME, MI, NC, NH, NJ, NY, OH, PA, RI, SC, VA, VT, WV, Canada"
Reptiles,Kirtland's snake,Clonophis kirtlandii,Region 3 - Midwest,2017,"IL, IN, KY, MI, MO, OH, PA, TN"
Reptiles,western chicken turtle,Deirochelys reticularia miaria,Region 2 - Southwest,2022,"AR, LA, MO, MS, OK, TX"
Reptiles,Key ringneck snake,Diadophis punctatus acricus,Region 4 - Southeast,2020,FL
Reptiles,Panamint alligator lizard,Elgaria panamintina,Region 8 - Pacific Southwest,2018,CA
Reptiles,Blanding's turtle,Emydoidea blandingii,Region 3 - Midwest,2023,"IA, IL, IN, MA, ME, MI, MN, MO, NE, NH, NY, OH, PA, SD, WI"
Reptiles,Florida Keys mole skink,Eumeces egregius egregius,Region 4 - Southeast,2017,FL
Reptiles,Cedar Key mole skink,Eumeces egregius insularis (Plestiodon egregius insularis),Region 4 - Southeast,2017,FL
Reptiles,wood turtle,Glyptemys insculpta,Region 5 - Northeast,2023,"CT, DC, IA, MA, MD, ME, MI, MN, NH, NJ, NY, OH, PA, RI, VA, VT, WI, WV, Canada"
Reptiles,gopher tortoise,Gopherus polyphemus,Region 4 - Southeast,2023,"AL, FL, GA, SC"
Reptiles,Barbour's map turtle,Graptemys barbouri,Region 4 - Southeast,2017,"AL, FL, GA"
Reptiles,southern hognose snake,Heterodon simus,Region 4 - Southeast,2019,"AL, FL, GA, MS, NC, SC"
Reptiles,spot-tailed earless lizard,Holbrookia lacerata,Region 2 - Southwest,2020,TX
Reptiles,alligator snapping turtle,Macroclemys temmincki,Region 4 - Southeast,2020,"AL, AR, FL, GA, IA, IL, KS, KY, LA, MO, MS, OK, TN, TX"
Reptiles,Florida pine snake,Pituophis melanoleucus mugitus,Region 4 - Southeast,2022,"AL, FL, GA, SC"
Reptiles,Rio Grande cooter,Pseudemys gorzugi,Region 2 - Southwest,2023,"NM, TX"
Reptiles,northern red-bellied cooter (range- wide),Pseudemys rubriventris,Region 5 - Northeast,2023,"DC, DE, MA, MD, NC, NJ, PA, VA, WV"
Reptiles,desert massasauga,Sistrurus catenatus edwardsii,Region 2 - Southwest,2020,"AZ, NM, CO, TX"
Reptiles,short-tailed snake,Stilosoma extenuatum (Lampropeltis extenuata),Region 4 - Southeast,2022,FL
Reptiles,Rim Rock crowned snake,Tantilla oolitica,Region 4 - Southeast,2020,FL
Snails,Puget Oregonian snail,Cryptomastix devia,Region 1 - Pacific (Northwest),2020,"OR, WA"
Snails,Columbia Oregonian snail,Cryptomastix hendersoni,Region 1 - Pacific (Northwest),2022,"OR, WA"
Snails,evening fieldslug,Deroceras hesperium,Region 1 - Pacific (Northwest),2022,"OR, WA"
Snails,spider elimia (snail),Elimia arachnoidea,Region 5 - Northeast,2022,"TN, VA"
Snails,Mojave shoulderband snail,Helminthoglypta greggi,Region 8 - Pacific Southwest,2017,CA
Snails,Burrington (keeled) jumping-slug,Hemphillia burringtoni,Region 1 - Pacific (Northwest),2021,"OR, WA"
Snails,Arkansas mudalia,Leptoxis arkansensis,Region 4 - Southeast,2018,"AR, MO"
Snails,Dalles sideband snail,Monadenia fidelis minor,Region 1 - Pacific (Northwest),2021,"OR, WA"
Snails,Chelan mountain snail,Oreohelix n. sp. 1,Region 1 - Pacific (Northwest),2023,WA
Snails,mimic cavesnail,Phreatodrobia imitata,Region 2 - Southwest,2021,TX
Snails,magnificent ramshorn,Planorbella magnifica,Region 4 - Southeast,2019,NC
Snails,Moapa pebblesnail,Pyrgulopsis avernalis,Region 8 - Pacific Southwest,2017,NV
Snails,flag pyrg,Pyrgulopsis breviloba,Region 8 - Pacific Southwest,2017,NV
Snails,Moapa Valley pyrg,Pyrgulopsis carinifera,Region 8 - Pacific Southwest,2017,NV
Snails,Beaver Pond marstonia,Pyrgulopsis castor,Region 4 - Southeast,2017,GA
Snails,Blue Point pyrg,Pyrgulopsis coloradensis,Region 8 - Pacific Southwest,2017,NV
Snails,Crystal springsnail,Pyrgulopsis crystalis,Region 8 - Pacific Southwest,2020,NV
Snails,Spring Mountains pyrg,Pyrgulopsis deaconi,Region 8 - Pacific Southwest,2017,NV
Snails,Ash Meadows pebblesnail,Pyrgulopsis erythropoma,Region 8 - Pacific Southwest,2020,NV
Snails,Fairbanks springsnail,Pyrgulopsis fairbanksensis,Region 8 - Pacific Southwest,2020,NV
Snails,Corn Creek pyrg,Pyrgulopsis fausta,Region 8 - Pacific Southwest,2017,NV
Snails,Hubbs pyrg,Pyrgulopsis hubbsi,Region 8 - Pacific Southwest,2017,NV
Snails,elongate-gland springsnail,Pyrgulopsis isolata,Region 8 - Pacific Southwest,2020,NV
Snails,Butterfield pyrg,Pyrgulopsis lata,Region 8 - Pacific Southwest,2017,NV
Snails,Hardy pyrg,Pyrgulopsis marcida,Region 8 - Pacific Southwest,2017,NV
Snails,Pahranagat pebblesnail,Pyrgulopsis merriami,Region 8 - Pacific Southwest,2017,NV
Snails,distal-gland springsnail,Pyrgulopsis nanus,Region 8 - Pacific Southwest,2020,NV
Snails,bifid duct pyrg,Pyrgulopsis peculiaris,Region 8 - Pacific Southwest,2017,"NV, UT"
Snails,White River Valley pyrg,Pyrgulopsis sathos,Region 8 - Pacific Southwest,2017,NV
Snails,Lake Valley pyrg,Pyrgulopsis sublata,Region 8 - Pacific Southwest,2017,NV
Snails,San Xavier talussnail,Sonorella eremita,Region 2 - Southwest,2020,AZ
Snails,Pinaleno talussnail,Sonorella grahamensis,Region 2 - Southwest,2020,AZ
Snails,Wet Canyon talussnail,Sonorella macrophallus,Region 2 - Southwest,2020,AZ
Snails,Shasta chaparral,Trilobopsis roperi,Region 8 - Pacific Southwest,2023,CA
Snails,sportinggoods tryonia,Tryonia angulata,Region 8 - Pacific Southwest,2020,NV
Snails,grated tryonia,Tryonia clathrata,Region 8 - Pacific Southwest,2017,NV
Snails,Point of Rocks tryonia,Tryonia elata,Region 8 - Pacific Southwest,2020,NV
Snails,minute tryonia,Tryonia ericae,Region 8 - Pacific Southwest,2020,NV
Snails,Quitobaquito tryonia,Tryonia quitobaquitae,Region 2 - Southwest,2020,AZ
Snails,Amargosa tryonia,Tryonia variegata,Region 8 - Pacific Southwest,2020,"CA, NV"
Snails,Hoko vertigo,Vertigo sp.,Region 1 - Pacific (Northwest),2023,WA
Snails,Big Bar hesperian,Vespericola pressleyi,Region 8 - Pacific Southwest,2023,CA
Snails,Shasta hesperian,Vespericola shasta,Region 8 - Pacific Southwest,2023,CA
